"filename", "language", "JavaScript", "C", "C++", "Markdown", "Makefile", "XML", "comment", "blank", "total"
"d:\NUEDC\project_3_Car_Learning\Patrol Car\Debug\Patrol Car_linkInfo.xml", "XML", 0, 0, 0, 0, 0, 7054, 0, 1, 7055
"d:\NUEDC\project_3_Car_Learning\Patrol Car\Debug\app\buzzer\subdir_rules.mk", "Makefile", 0, 0, 0, 0, 7, 0, 4, 5, 16
"d:\NUEDC\project_3_Car_Learning\Patrol Car\Debug\app\buzzer\subdir_vars.mk", "Makefile", 0, 0, 0, 0, 13, 0, 4, 10, 27
"d:\NUEDC\project_3_Car_Learning\Patrol Car\Debug\app\encoder\subdir_rules.mk", "Makefile", 0, 0, 0, 0, 7, 0, 4, 5, 16
"d:\NUEDC\project_3_Car_Learning\Patrol Car\Debug\app\encoder\subdir_vars.mk", "Makefile", 0, 0, 0, 0, 13, 0, 4, 10, 27
"d:\NUEDC\project_3_Car_Learning\Patrol Car\Debug\app\hc_06\subdir_rules.mk", "Makefile", 0, 0, 0, 0, 7, 0, 4, 5, 16
"d:\NUEDC\project_3_Car_Learning\Patrol Car\Debug\app\hc_06\subdir_vars.mk", "Makefile", 0, 0, 0, 0, 13, 0, 4, 10, 27
"d:\NUEDC\project_3_Car_Learning\Patrol Car\Debug\app\motor\subdir_rules.mk", "Makefile", 0, 0, 0, 0, 7, 0, 4, 5, 16
"d:\NUEDC\project_3_Car_Learning\Patrol Car\Debug\app\motor\subdir_vars.mk", "Makefile", 0, 0, 0, 0, 13, 0, 4, 10, 27
"d:\NUEDC\project_3_Car_Learning\Patrol Car\Debug\app\mpu6050\subdir_rules.mk", "Makefile", 0, 0, 0, 0, 7, 0, 4, 5, 16
"d:\NUEDC\project_3_Car_Learning\Patrol Car\Debug\app\mpu6050\subdir_vars.mk", "Makefile", 0, 0, 0, 0, 13, 0, 4, 10, 27
"d:\NUEDC\project_3_Car_Learning\Patrol Car\Debug\app\tb6612\subdir_rules.mk", "Makefile", 0, 0, 0, 0, 7, 0, 4, 5, 16
"d:\NUEDC\project_3_Car_Learning\Patrol Car\Debug\app\tb6612\subdir_vars.mk", "Makefile", 0, 0, 0, 0, 13, 0, 4, 10, 27
"d:\NUEDC\project_3_Car_Learning\Patrol Car\Debug\app\tracking\subdir_rules.mk", "Makefile", 0, 0, 0, 0, 7, 0, 4, 5, 16
"d:\NUEDC\project_3_Car_Learning\Patrol Car\Debug\app\tracking\subdir_vars.mk", "Makefile", 0, 0, 0, 0, 13, 0, 4, 10, 27
"d:\NUEDC\project_3_Car_Learning\Patrol Car\Debug\delay\subdir_rules.mk", "Makefile", 0, 0, 0, 0, 7, 0, 4, 5, 16
"d:\NUEDC\project_3_Car_Learning\Patrol Car\Debug\delay\subdir_vars.mk", "Makefile", 0, 0, 0, 0, 13, 0, 4, 10, 27
"d:\NUEDC\project_3_Car_Learning\Patrol Car\Debug\device_linker.cmd", "C", 0, 56, 0, 0, 0, 0, 0, 13, 69
"d:\NUEDC\project_3_Car_Learning\Patrol Car\Debug\lib\delay\subdir_rules.mk", "Makefile", 0, 0, 0, 0, 7, 0, 4, 5, 16
"d:\NUEDC\project_3_Car_Learning\Patrol Car\Debug\lib\delay\subdir_vars.mk", "Makefile", 0, 0, 0, 0, 13, 0, 4, 10, 27
"d:\NUEDC\project_3_Car_Learning\Patrol Car\Debug\lib\key\subdir_rules.mk", "Makefile", 0, 0, 0, 0, 7, 0, 4, 5, 16
"d:\NUEDC\project_3_Car_Learning\Patrol Car\Debug\lib\key\subdir_vars.mk", "Makefile", 0, 0, 0, 0, 13, 0, 4, 10, 27
"d:\NUEDC\project_3_Car_Learning\Patrol Car\Debug\lib\pid\subdir_rules.mk", "Makefile", 0, 0, 0, 0, 7, 0, 4, 5, 16
"d:\NUEDC\project_3_Car_Learning\Patrol Car\Debug\lib\pid\subdir_vars.mk", "Makefile", 0, 0, 0, 0, 13, 0, 4, 10, 27
"d:\NUEDC\project_3_Car_Learning\Patrol Car\Debug\lib\usart\subdir_rules.mk", "Makefile", 0, 0, 0, 0, 7, 0, 4, 5, 16
"d:\NUEDC\project_3_Car_Learning\Patrol Car\Debug\lib\usart\subdir_vars.mk", "Makefile", 0, 0, 0, 0, 13, 0, 4, 10, 27
"d:\NUEDC\project_3_Car_Learning\Patrol Car\Debug\makefile", "Makefile", 0, 0, 0, 0, 162, 0, 8, 19, 189
"d:\NUEDC\project_3_Car_Learning\Patrol Car\Debug\objects.mk", "Makefile", 0, 0, 0, 0, 2, 0, 3, 4, 9
"d:\NUEDC\project_3_Car_Learning\Patrol Car\Debug\sources.mk", "Makefile", 0, 0, 0, 0, 136, 0, 0, 4, 140
"d:\NUEDC\project_3_Car_Learning\Patrol Car\Debug\subdir_rules.mk", "Makefile", 0, 0, 0, 0, 35, 0, 0, 9, 44
"d:\NUEDC\project_3_Car_Learning\Patrol Car\Debug\subdir_vars.mk", "Makefile", 0, 0, 0, 0, 53, 0, 0, 18, 71
"d:\NUEDC\project_3_Car_Learning\Patrol Car\Debug\temple_linkInfo.xml", "XML", 0, 0, 0, 0, 0, 2882, 0, 1, 2883
"d:\NUEDC\project_3_Car_Learning\Patrol Car\Debug\ti_msp_dl_config.c", "C", 0, 393, 0, 0, 0, 0, 4, 123, 520
"d:\NUEDC\project_3_Car_Learning\Patrol Car\Debug\ti_msp_dl_config.h", "C++", 0, 0, 216, 0, 0, 0, 2, 45, 263
"d:\NUEDC\project_3_Car_Learning\Patrol Car\app\buzzer\buzzer.c", "C", 0, 50, 0, 0, 0, 0, 7, 7, 64
"d:\NUEDC\project_3_Car_Learning\Patrol Car\app\buzzer\buzzer.h", "C++", 0, 0, 9, 0, 0, 0, 5, 2, 16
"d:\NUEDC\project_3_Car_Learning\Patrol Car\app\encoder\encoder.c", "C", 0, 92, 0, 0, 0, 0, 9, 11, 112
"d:\NUEDC\project_3_Car_Learning\Patrol Car\app\encoder\encoder.h", "C++", 0, 0, 9, 0, 0, 0, 5, 3, 17
"d:\NUEDC\project_3_Car_Learning\Patrol Car\app\hc_06\hc_06.c", "C", 0, 8, 0, 0, 0, 0, 0, 2, 10
"d:\NUEDC\project_3_Car_Learning\Patrol Car\app\hc_06\hc_06.h", "C++", 0, 0, 7, 0, 0, 0, 3, 3, 13
"d:\NUEDC\project_3_Car_Learning\Patrol Car\app\motor\motor.c", "C", 0, 135, 0, 0, 0, 0, 4, 14, 153
"d:\NUEDC\project_3_Car_Learning\Patrol Car\app\motor\motor.h", "C++", 0, 0, 20, 0, 0, 0, 8, 1, 29
"d:\NUEDC\project_3_Car_Learning\Patrol Car\app\mpu6050\mpu6050.c", "C", 0, 355, 0, 0, 0, 0, 25, 45, 425
"d:\NUEDC\project_3_Car_Learning\Patrol Car\app\mpu6050\mpu6050.h", "C++", 0, 0, 68, 0, 0, 0, 24, 15, 107
"d:\NUEDC\project_3_Car_Learning\Patrol Car\app\tb6612\tb6612.c", "C", 0, 73, 0, 0, 0, 0, 10, 7, 90
"d:\NUEDC\project_3_Car_Learning\Patrol Car\app\tb6612\tb6612.h", "C++", 0, 0, 12, 0, 0, 0, 8, 4, 24
"d:\NUEDC\project_3_Car_Learning\Patrol Car\app\tracking\tracking.c", "C", 0, 64, 0, 0, 0, 0, 2, 8, 74
"d:\NUEDC\project_3_Car_Learning\Patrol Car\app\tracking\tracking.h", "C++", 0, 0, 7, 0, 0, 0, 0, 1, 8
"d:\NUEDC\project_3_Car_Learning\Patrol Car\lib\delay\delay.c", "C", 0, 61, 0, 0, 0, 0, 3, 12, 76
"d:\NUEDC\project_3_Car_Learning\Patrol Car\lib\delay\delay.h", "C++", 0, 0, 8, 0, 0, 0, 4, 34, 46
"d:\NUEDC\project_3_Car_Learning\Patrol Car\lib\key\key.c", "C", 0, 155, 0, 0, 0, 0, 9, 15, 179
"d:\NUEDC\project_3_Car_Learning\Patrol Car\lib\key\key.h", "C++", 0, 0, 43, 0, 0, 0, 8, 11, 62
"d:\NUEDC\project_3_Car_Learning\Patrol Car\lib\pid\pid.c", "C", 0, 72, 0, 0, 0, 0, 3, 11, 86
"d:\NUEDC\project_3_Car_Learning\Patrol Car\lib\pid\pid.h", "C++", 0, 0, 21, 0, 0, 0, 6, 3, 30
"d:\NUEDC\project_3_Car_Learning\Patrol Car\lib\task\task.h", "C++", 0, 0, 35, 0, 0, 0, 0, 4, 39
"d:\NUEDC\project_3_Car_Learning\Patrol Car\lib\usart\usart.c", "C", 0, 142, 0, 0, 0, 0, 2, 14, 158
"d:\NUEDC\project_3_Car_Learning\Patrol Car\lib\usart\usart.h", "C++", 0, 0, 22, 0, 0, 0, 9, 3, 34
"d:\NUEDC\project_3_Car_Learning\Patrol Car\main.c", "C", 0, 186, 0, 0, 0, 0, 19, 12, 217
"d:\NUEDC\project_3_Car_Learning\Patrol Car\main.syscfg", "JavaScript", 247, 0, 0, 0, 0, 0, 0, 20, 267
"d:\NUEDC\project_3_Car_Learning\README.md", "Markdown", 0, 0, 0, 14, 0, 0, 0, 1, 15
"Total", "-", 247, 1842, 477, 14, 628, 9936, 286, 680, 14110